And,2.0969166666666665,29.090444444444444,9.831999999999999,30.861027777777778
And,4.581916666666666,36.785222222222224,9.220208333333334,33.71933333333334
And,4.581916666666666,36.785222222222224,354.53416666666664,43.26808333333333
And,9.220208333333334,33.71933333333334,9.831999999999999,30.861027777777778
And,9.220208333333334,33.71933333333334,17.433,35.620555555555555
And,9.638958333333333,29.31175,9.831999999999999,30.861027777777778
And,9.638958333333333,29.31175,11.834708333333333,24.267166666666665
And,9.831999999999999,30.861027777777778,17.433,35.620555555555555
And,11.834708333333333,24.267166666666665,14.301666666666666,23.41763888888889
And,12.453541666666666,41.07891666666667,14.188375,38.49933333333333
And,12.453541666666666,41.07891666666667,17.375541666666663,47.24180555555556
And,14.188375,38.49933333333333,17.433,35.620555555555555
And,17.375541666666663,47.24180555555556,24.498166666666666,48.62822222222222
And,17.433,35.620555555555555,30.977999999999998,42.33094444444445
And,345.48025,42.32597222222223,354.53416666666664,43.26808333333333
And,354.391,46.45813888888889,355.102125,44.33394444444445
And,354.53416666666664,43.26808333333333,355.102125,44.33394444444445
Ant,142.31133333333332,-35.95133333333334,156.78791666666663,-31.067777777777778
Ant,156.78791666666663,-31.067777777777778,164.17937500000002,-37.13777777777778
Aps,221.96545833333334,-79.04475,245.08670833333332,-78.69575
Aps,245.08670833333332,-78.69575,248.36283333333333,-78.89713888888889
Aps,245.08670833333332,-78.69575,250.76941666666664,-77.51744444444445
Aps,248.36283333333333,-78.89713888888889,250.76941666666664,-77.51744444444445
Aql,284.90566666666666,15.068305555555556,286.35254166666664,13.863472222222223
Aql,285.420125,-5.739111111111111,286.56225,-4.882555555555556
Aql,286.35254166666664,13.863472222222223,286.56225,-4.882555555555556
Aql,286.35254166666664,13.863472222222223,291.37458333333336,3.114777777777778
Aql,286.56225,-4.882555555555556,291.37458333333336,3.114777777777778
Aql,286.56225,-4.882555555555556,294.18033333333335,-1.286611111111111
Aql,291.37458333333336,3.114777777777778,296.56491666666665,10.613249999999999
Aql,291.37458333333336,3.114777777777778,298.1182083333333,1.0056666666666667
Aql,294.18033333333335,-1.286611111111111,302.82620833333334,-0.8214722222222222
Aql,296.56491666666665,10.613249999999999,297.6958333333333,8.868333333333334
Aql,297.6958333333333,8.868333333333334,298.8282916666667,6.406750000000001
Aql,298.1182083333333,1.0056666666666667,302.82620833333334,-0.8214722222222222
Aqr,311.9189583333333,-9.495777777777777,313.1634583333333,-8.983305555555555
Aqr,313.1634583333333,-8.983305555555555,322.8897083333333,-5.571166666666667
Aqr,322.8897083333333,-5.571166666666667,331.44599999999997,-0.3198611111111111
Aqr,322.8897083333333,-5.571166666666667,331.60929166666665,-13.869666666666667
Aqr,331.44599999999997,-0.3198611111111111,334.20849999999996,-7.783277777777777
Aqr,331.44599999999997,-0.3198611111111111,335.41408333333334,-1.3873333333333333
Aqr,331.44599999999997,-0.3198611111111111,336.31925,1.377388888888889
Aqr,334.20849999999996,-7.783277777777777,343.1536666666667,-7.579611111111111
Aqr,335.41408333333334,-1.3873333333333333,337.207875,-0.020527777777777777
Aqr,336.31925,1.377388888888889,337.207875,-0.020527777777777777
Aqr,337.207875,-0.020527777777777777,338.8390833333333,-0.11750000000000001
Aqr,342.3979166666667,-13.592638888888889,343.1536666666667,-7.579611111111111
Aqr,342.3979166666667,-13.592638888888889,343.66254166666664,-15.820833333333333
Aqr,343.1536666666667,-7.579611111111111,348.5806666666667,-6.0489999999999995
Aqr,343.66254166666664,-15.820833333333333,349.4759166666667,-9.1825
Aqr,348.5806666666667,-6.0489999999999995,349.4759166666667,-9.1825
Aqr,349.4759166666667,-9.1825,350.74262500000003,-20.100583333333336
Ara,252.44650000000001,-59.04138888888889,254.65504166666665,-55.99013888888889
Ara,252.44650000000001,-59.04138888888889,262.774625,-60.683861111111106
Ara,254.65504166666665,-55.99013888888889,254.89604166666666,-53.160444444444444
Ara,254.89604166666666,-53.160444444444444,262.960375,-49.87613888888889
Ara,261.32495833333337,-55.52988888888889,261.34858333333335,-56.377722222222225
Ara,261.32495833333337,-55.52988888888889,262.960375,-49.87613888888889
Ara,261.34858333333335,-56.377722222222225,262.774625,-60.683861111111106
Ara,262.960375,-49.87613888888889,271.6577916666667,-50.09147222222222
Ari,28.382541666666665,19.293861111111113,28.660041666666665,20.808027777777777
Ari,28.660041666666665,20.808027777777777,31.793375,23.462416666666666
Ari,31.793375,23.462416666666666,42.495958333333334,27.2605
Aur,74.24841666666667,33.16608333333333,76.62870833333332,41.23447222222222
Aur,74.24841666666667,33.16608333333333,81.57295833333333,28.607444444444447
Aur,75.49220833333334,43.82330555555556,75.61954166666666,41.075833333333335
Aur,75.49220833333334,43.82330555555556,79.17233333333333,45.998
Aur,76.62870833333332,41.23447222222222,79.17233333333333,45.998
Aur,79.17233333333333,45.998,89.88216666666666,44.94744444444444
Aur,81.57295833333333,28.607444444444447,89.93029166666666,37.212583333333335
Aur,89.88183333333333,54.284666666666666,89.88216666666666,44.94744444444444
Aur,89.88216666666666,44.94744444444444,89.93029166666666,37.212583333333335
Boo,208.67116666666666,18.39772222222222,213.91529166666666,19.18241666666667
Boo,213.37087499999998,51.78997222222222,214.09591666666668,46.08830555555556
Boo,213.37087499999998,51.78997222222222,216.29916666666665,51.85075
Boo,213.91529166666666,19.18241666666667,217.95745833333336,30.371444444444446
Boo,213.91529166666666,19.18241666666667,220.28729166666668,13.728305555555556
Boo,213.91529166666666,19.18241666666667,221.24675,27.07422222222222
Boo,214.09591666666668,46.08830555555556,216.29916666666665,51.85075
Boo,214.09591666666668,46.08830555555556,218.01945833333332,38.308249999999994
Boo,217.95745833333336,30.371444444444446,218.01945833333332,38.308249999999994
Boo,218.01945833333332,38.308249999999994,225.4865,40.39055555555556
Boo,221.24675,27.07422222222222,228.87566666666666,33.31483333333333
Boo,225.4865,40.39055555555556,228.87566666666666,33.31483333333333
CMa,95.67495833333334,-17.955916666666667,99.17099999999999,-19.25588888888889
CMa,95.67495833333334,-17.955916666666667,101.28716666666666,-16.71611111111111
CMa,99.17099999999999,-19.25588888888889,103.533125,-24.18422222222222
CMa,101.28716666666666,-16.71611111111111,104.03425000000001,-17.05425
CMa,101.28716666666666,-16.71611111111111,105.756125,-23.833277777777777
CMa,103.54750000000001,-12.038638888888888,104.03425000000001,-17.05425
CMa,103.54750000000001,-12.038638888888888,105.93954166666666,-15.633277777777778
CMa,103.533125,-24.18422222222222,104.65645833333333,-28.97208333333333
CMa,104.03425000000001,-17.05425,105.93954166666666,-15.633277777777778
CMa,104.65645833333333,-28.97208333333333,107.09783333333334,-26.393194444444443
CMa,105.756125,-23.833277777777777,107.09783333333334,-26.393194444444443
CMa,107.09783333333334,-26.393194444444443,111.02375,-29.30311111111111
CMi,111.78766666666667,8.289305555555556,114.8255,5.2250000000000005
CVn,188.43558333333334,41.35747222222222,194.00695833333336,38.31838888888889
Cae,67.70875000000001,-44.95375,70.14045833333334,-41.86375
Cae,70.14045833333334,-41.86375,70.5145,-37.144305555555555
Cae,70.5145,-37.144305555555555,76.10166666666666,-35.48297222222222
Cam,52.267208333333336,59.94033333333333,57.38033333333333,65.52597222222222
Cam,57.589625,71.33227777777778,57.38033333333333,65.52597222222222
Cam,57.589625,71.33227777777778,73.51254166666666,66.34266666666666
Cam,73.51254166666666,66.34266666666666,75.85454166666666,60.442249999999994
Cam,74.32166666666667,53.75211111111111,75.85454166666666,60.442249999999994
Cam,75.85454166666666,60.442249999999994,94.71158333333332,69.31977777777777
Cam,94.71158333333332,69.31977777777777,105.01683333333334,76.97741666666667
Cap,304.41195833333336,-12.508222222222223,305.25283333333334,-14.781361111111112
Cap,304.41195833333336,-12.508222222222223,316.48679166666665,-17.23286111111111
Cap,305.25283333333334,-14.781361111111112,311.523875,-25.270888888888887
Cap,311.523875,-25.270888888888887,312.955375,-26.91913888888889
Cap,312.955375,-26.91913888888889,321.66679166666665,-22.41133333333333
Cap,316.48679166666665,-17.23286111111111,325.02275000000003,-16.662305555555555
Cap,321.66679166666665,-22.41133333333333,325.02275000000003,-16.662305555555555
Cap,325.02275000000003,-16.662305555555555,326.76020833333337,-16.127277777777778
Car,95.98795833333334,-52.69566666666666,138.29991666666666,-69.71719444444444
Car,119.194625,-52.98236111111111,122.37216666666666,-47.34527777777778
Car,119.194625,-52.98236111111111,125.6285,-59.50947222222222
Car,125.6285,-59.50947222222222,139.27254166666668,-59.27522222222222
Car,131.1759583333333,-54.70883333333334,139.27254166666668,-59.27522222222222
Car,138.29991666666666,-69.71719444444444,153.43425,-70.03791666666666
Car,139.27254166666668,-59.27522222222222,154.27075,-61.33230555555556
Car,153.43425,-70.03791666666666,160.73916666666668,-64.39444444444445
Car,154.27075,-61.33230555555556,158.00608333333335,-61.68533333333333
Car,158.00608333333335,-61.68533333333333,160.73916666666668,-64.39444444444445
Car,158.00608333333335,-61.68533333333333,161.26495833333334,-59.6845
Car,160.73916666666668,-64.39444444444445,166.63512500000002,-62.42411111111111
Car,161.26495833333334,-59.6845,163.37358333333333,-58.85316666666667
Car,163.37358333333333,-58.85316666666667,168.15004166666665,-60.31761111111111
Car,166.63512500000002,-62.42411111111111,167.14166666666665,-61.94716666666666
Car,167.14166666666665,-61.94716666666666,168.15004166666665,-60.31761111111111
Cas,2.2945416666666665,59.14977777777778,10.126833333333332,56.53733333333333
Cas,10.126833333333332,56.53733333333333,14.177208333333335,60.716750000000005
Cas,14.177208333333335,60.716750000000005,21.453958333333336,60.23527777777778
Cas,21.453958333333336,60.23527777777778,28.598875,63.67011111111111
Cen,170.2517083333333,-54.49102777777778,182.08958333333334,-50.72241666666667
Cen,172.94195833333333,-59.442055555555555,182.91295833333334,-52.36847222222222
Cen,182.08958333333334,-50.72241666666667,187.00991666666667,-50.23063888888889
Cen,182.91295833333334,-52.36847222222222,187.00991666666667,-50.23063888888889
Cen,187.00991666666667,-50.23063888888889,190.37933333333334,-48.95988888888889
Cen,189.968875,-39.98730555555556,200.14925,-36.71230555555556
Cen,190.37933333333334,-48.95988888888889,204.97191666666666,-53.46638888888889
Cen,190.37933333333334,-48.95988888888889,208.88495833333332,-47.28838888888889
Cen,200.14925,-36.71230555555556,202.76104166666667,-39.40730555555555
Cen,202.76104166666667,-39.40730555555555,207.37616666666665,-41.68772222222222
Cen,204.97191666666666,-53.46638888888889,208.88495833333332,-47.28838888888889
Cen,204.97191666666666,-53.46638888888889,210.95583333333335,-60.37302777777778
Cen,207.37616666666665,-41.68772222222222,207.404125,-42.47372222222222
Cen,207.37616666666665,-41.68772222222222,211.67062499999997,-36.36994444444444
Cen,207.404125,-42.47372222222222,208.88495833333332,-47.28838888888889
Cen,208.88495833333332,-47.28838888888889,209.66979166666667,-44.80358333333333
Cen,209.56779166666666,-42.10075,209.66979166666667,-44.80358333333333
Cen,209.56779166666666,-42.10075,211.51154166666666,-41.17963888888889
Cen,209.56779166666666,-42.10075,218.87675000000002,-42.15783333333333
Cen,210.95583333333335,-60.37302777777778,219.90204166666666,-60.83397222222222
Cen,211.51154166666666,-41.17963888888889,215.13929166666668,-37.885305555555554
Cen,211.67062499999997,-36.36994444444444,215.13929166666668,-37.885305555555554
Cen,218.87675000000002,-42.15783333333333,224.7903333333333,-42.104194444444445
Cep,307.395375,62.99411111111111,311.322375,61.83877777777778
Cep,311.322375,61.83877777777778,319.644875,62.58558333333333
Cep,319.644875,62.58558333333333,322.16499999999996,70.56072222222222
Cep,319.644875,62.58558333333333,325.8769166666666,58.780055555555556
Cep,322.16499999999996,70.56072222222222,342.42008333333337,66.20041666666667
Cep,322.16499999999996,70.56072222222222,354.83687499999996,77.63227777777777
Cep,325.8769166666666,58.780055555555556,333.759125,57.04358333333333
Cep,332.71366666666665,58.20125,333.759125,57.04358333333333
Cep,332.71366666666665,58.20125,337.2927916666667,58.415194444444445
Cep,337.2927916666667,58.415194444444445,342.42008333333337,66.20041666666667
Cep,342.42008333333337,66.20041666666667,354.83687499999996,77.63227777777777
Cet,4.856958333333333,-8.823916666666667,10.897375,-17.986611111111113
Cet,4.856958333333333,-8.823916666666667,17.147458333333333,-10.182277777777777
Cet,10.897375,-17.986611111111113,26.017000000000003,-15.937472222222222
Cet,17.147458333333333,-10.182277777777777,21.005833333333335,-8.18325
Cet,21.005833333333335,-8.18325,27.865125000000003,-10.335027777777778
Cet,26.017000000000003,-15.937472222222222,27.865125000000003,-10.335027777777778
Cet,27.865125000000003,-10.335027777777778,34.836625,-2.977638888888889
Cet,34.836625,-2.977638888888889,39.870666666666665,0.3285
Cet,37.039750000000005,8.460055555555554,40.82516666666667,3.235805555555556
Cet,37.039750000000005,8.460055555555554,41.23558333333333,10.114138888888888
Cet,39.870666666666665,0.3285,40.82516666666667,3.235805555555556
Cet,40.82516666666667,3.235805555555556,45.569874999999996,4.089722222222222
Cet,41.23558333333333,10.114138888888888,44.92875,8.907361111111111
Cet,44.92875,8.907361111111111,45.569874999999996,4.089722222222222
Cha,124.63145833333336,-76.91972222222223,158.86712500000002,-78.60777777777777
Cha,158.86712500000002,-78.60777777777777,161.31795833333334,-80.46958333333333
Cha,158.86712500000002,-78.60777777777777,179.90654166666667,-78.22183333333334
Cha,161.31795833333334,-80.46958333333333,184.58675000000002,-79.31224999999999
Cha,179.90654166666667,-78.22183333333334,184.58675000000002,-79.31224999999999
Cir,220.62675,-64.97513888888889,229.37854166666668,-58.80119444444444
Cir,220.62675,-64.97513888888889,230.84437499999999,-59.32077777777778
Cnc,124.12883333333335,9.185555555555556,131.17125,18.154305555555553
Cnc,130.82145833333334,21.4685,131.17125,18.154305555555553
Cnc,130.82145833333334,21.4685,131.67425000000003,28.759888888888888
Cnc,131.17125,18.154305555555553,134.62175,11.857694444444444
Col,79.37120833333334,-34.89519444444444,84.91225000000001,-34.074111111111115
Col,84.91225000000001,-34.074111111111115,87.73995833333333,-35.76830555555556
Col,87.73995833333333,-35.76830555555556,89.38420833333333,-35.283277777777776
Col,87.73995833333333,-35.76830555555556,89.78670833333334,-42.81513888888889
Col,89.38420833333333,-35.283277777777776,94.13808333333334,-35.14052777777778
Col,94.13808333333334,-35.14052777777778,95.52845833333333,-33.436388888888885
Com,186.73445833333332,28.268416666666667,197.9682916666667,27.878194444444446
Com,197.49699999999999,17.529444444444444,197.9682916666667,27.878194444444446
CrB,231.9572083333333,29.105694444444445,233.23241666666667,31.35913888888889
CrB,231.9572083333333,29.105694444444445,233.67195833333332,26.714694444444444
CrB,233.67195833333332,26.714694444444444,235.68566666666663,26.29563888888889
CrB,235.68566666666663,26.29563888888889,237.3985416666667,26.06838888888889
CrB,237.3985416666667,26.06838888888889,239.396875,26.87788888888889
CrB,239.396875,26.87788888888889,240.36066666666665,29.851055555555558
CrA,278.37579166666666,-42.3125,287.087375,-40.496694444444444
CrA,286.60462500000006,-37.06344444444444,287.3680833333333,-37.90447222222222
CrA,287.087375,-40.496694444444444,287.50733333333335,-39.340805555555555
CrA,287.3680833333333,-37.90447222222222,287.50733333333335,-39.340805555555555
Crt,164.94358333333332,-18.29877777777778,167.91454166666668,-22.82586111111111
Crt,164.94358333333332,-18.29877777777778,169.83520833333333,-14.778527777777779
Crt,167.91454166666668,-22.82586111111111,171.2205,-17.684
Crt,169.83520833333333,-14.778527777777779,171.15245833333333,-10.859333333333334
Crt,169.83520833333333,-14.778527777777779,171.2205,-17.684
Crt,171.15245833333333,-10.859333333333334,174.17045833333333,-9.80225
Crt,171.2205,-17.684,176.19074999999998,-18.35066666666667
Crt,176.19074999999998,-18.35066666666667,179.00395833333332,-17.15083333333333
Cru,183.78633333333335,-58.748916666666666,191.93025,-59.68875
Cru,186.64958333333334,-63.09908333333333,187.7915,-57.11322222222223
Crv,182.10341666666667,-24.728888888888886,182.53116666666665,-22.619777777777777
Crv,182.53116666666665,-22.619777777777777,183.95154166666669,-17.54191666666667
Crv,182.53116666666665,-22.619777777777777,188.59679166666666,-23.39675
Crv,183.95154166666669,-17.54191666666667,187.46608333333333,-16.515444444444444
Crv,187.46608333333333,-16.515444444444444,188.59679166666666,-23.39675
Cyg,289.2757083333334,53.36847222222222,292.42650000000003,51.72977777777778
Cyg,292.6803333333333,27.959694444444445,299.0765416666667,35.08341666666667
Cyg,292.42650000000003,51.72977777777778,296.2436666666667,45.130805555555554
Cyg,292.42650000000003,51.72977777777778,303.868,47.714222222222226
Cyg,296.2436666666667,45.130805555555554,305.5570833333333,40.25666666666667
Cyg,299.0765416666667,35.08341666666667,305.5570833333333,40.25666666666667
Cyg,303.868,47.714222222222226,310.35795833333333,45.28033333333333
Cyg,305.5570833333333,40.25666666666667,310.35795833333333,45.28033333333333
Cyg,305.5570833333333,40.25666666666667,311.55283333333335,33.97025
Cyg,310.35795833333333,45.28033333333333,314.29341666666664,41.167138888888886
Cyg,311.55283333333335,33.97025,318.234125,30.226916666666664
Cyg,314.29341666666664,41.167138888888886,318.234125,30.226916666666664
Del,308.3032083333334,11.30325,309.38725000000005,14.595083333333333
Del,309.38725000000005,14.595083333333333,309.90954166666666,15.912083333333333
Del,309.38725000000005,14.595083333333333,310.8647083333333,15.074583333333333
Del,309.90954166666666,15.912083333333333,311.6645833333333,16.124305555555555
Del,310.8647083333333,15.074583333333333,311.6645833333333,16.124305555555555
Dor,64.00662499999999,-51.48663888888889,68.49908333333333,-55.04497222222222
Dor,68.49908333333333,-55.04497222222222,76.37775,-57.47269444444445
Dor,68.49908333333333,-55.04497222222222,83.40633333333332,-62.48983333333334
Dor,76.37775,-57.47269444444445,83.40633333333332,-62.48983333333334
Dor,83.40633333333332,-62.48983333333334,86.19324999999999,-65.73552777777778
Dor,83.40633333333332,-62.48983333333334,88.52520833333334,-63.08963888888889
Dor,86.19324999999999,-65.73552777777778,88.52520833333334,-63.08963888888889
Dra,172.85091666666668,69.33108333333332,188.37058333333334,69.78825
Dra,188.37058333333334,69.78825,211.09729166666665,64.3758611111111
Dra,211.09729166666665,64.3758611111111,231.232375,58.966055555555556
Dra,231.232375,58.966055555555556,240.47229166666665,58.56525
Dra,240.47229166666665,58.56525,245.99787500000002,61.51422222222222
Dra,245.99787500000002,61.51422222222222,257.19666666666666,65.71469444444445
Dra,257.19666666666666,65.71469444444445,275.18929166666663,71.33780555555555
Dra,262.60816666666665,52.30138888888889,263.0440416666667,55.18425
Dra,262.60816666666665,52.30138888888889,269.1515416666667,51.48888888888889
Dra,263.0440416666667,55.18425,268.3822083333333,56.872638888888886
Dra,268.3822083333333,56.872638888888886,269.1515416666667,51.48888888888889
Dra,268.3822083333333,56.872638888888886,288.13875,67.66152777777778
Dra,275.18929166666663,71.33780555555555,275.26408333333336,72.73283333333333
Dra,275.18929166666663,71.33780555555555,288.13875,67.66152777777778
Dra,288.13875,67.66152777777778,297.04312500000003,70.26791666666666
Equ,317.5854166666667,10.131583333333333,318.62008333333335,10.006972222222222
Equ,318.62008333333335,10.006972222222222,318.95595833333334,5.247833333333333
Eri,24.428541666666668,-57.23675,28.98945833333333,-51.60888888888889
Eri,28.98945833333333,-51.60888888888889,36.74633333333334,-47.703833333333336
Eri,36.74633333333334,-47.703833333333336,39.949958333333335,-42.891666666666666
Eri,39.949958333333335,-42.891666666666666,40.16679166666666,-39.85538888888889
Eri,40.16679166666666,-39.85538888888889,44.568333333333335,-40.30469444444444
Eri,41.030625,-13.858694444444444,41.27579166666666,-18.572555555555557
Eri,41.030625,-13.858694444444444,44.106875,-8.898138888888889
Eri,41.27579166666666,-18.572555555555557,45.59791666666667,-23.624472222222224
Eri,44.106875,-8.898138888888889,53.23266666666667,-9.45825
Eri,44.568333333333335,-40.30469444444444,49.981874999999995,-43.06977777777778
Eri,45.59791666666667,-23.624472222222224,49.87916666666666,-21.75786111111111
Eri,49.87916666666666,-21.75786111111111,53.446999999999996,-21.63288888888889
Eri,49.981874999999995,-43.06977777777778,54.27366666666667,-40.27455555555555
Eri,53.23266666666667,-9.45825,55.812083333333334,-9.763388888888889
Eri,53.446999999999996,-21.63288888888889,56.712041666666664,-23.249722222222225
Eri,54.27366666666667,-40.27455555555555,57.36354166666666,-36.200250000000004
Eri,55.812083333333334,-9.763388888888889,56.535583333333335,-12.101583333333332
Eri,56.535583333333335,-12.101583333333332,59.507375,-13.508527777777777
Eri,56.712041666666664,-23.249722222222225,58.42791666666667,-24.612222222222222
Eri,57.36354166666666,-36.200250000000004,64.47358333333334,-33.798361111111106
Eri,58.42791666666667,-24.612222222222222,59.98116666666667,-24.016222222222222
Eri,59.507375,-13.508527777777777,62.96641666666667,-6.837583333333333
Eri,59.98116666666667,-24.016222222222222,68.37729166666666,-29.7665
Eri,62.96641666666667,-6.837583333333333,69.07974999999999,-3.3524722222222225
Eri,64.47358333333334,-33.798361111111106,66.00925000000001,-34.01683333333333
Eri,66.00925000000001,-34.01683333333333,68.88766666666666,-30.562333333333335
Eri,68.37729166666666,-29.7665,68.88766666666666,-30.562333333333335
Eri,69.07974999999999,-3.3524722222222225,71.375625,-3.2546666666666666
Eri,71.375625,-3.2546666666666666,76.96245833333333,-5.086444444444444
For,31.122666666666667,-29.296805555555558,42.27258333333333,-32.40588888888889
For,42.27258333333333,-32.40588888888889,48.018875,-28.98761111111111
Gem,91.03004166666666,23.263333333333332,93.71941666666667,22.506805555555555
Gem,93.71941666666667,22.506805555555555,95.74012499999999,22.513583333333333
Gem,95.74012499999999,22.513583333333333,100.98304166666668,25.13111111111111
Gem,97.24079166666667,20.212138888888887,100.98304166666668,25.13111111111111
Gem,99.42791666666668,16.39925,106.02720833333333,20.570305555555557
Gem,100.98304166666668,25.13111111111111,107.784875,30.245166666666666
Gem,101.32233333333333,12.895583333333333,109.52324999999999,16.54038888888889
Gem,103.19725000000001,33.96125,107.784875,30.245166666666666
Gem,106.02720833333333,20.570305555555557,110.03074999999998,21.982333333333333
Gem,107.784875,30.245166666666666,111.43166666666667,27.798083333333334
Gem,107.784875,30.245166666666666,112.27799999999999,31.784555555555556
Gem,109.52324999999999,16.54038888888889,110.03074999999998,21.982333333333333
Gem,110.03074999999998,21.982333333333333,113.98062499999999,26.89575
Gem,111.43166666666667,27.798083333333334,113.98062499999999,26.89575
Gem,112.27799999999999,31.784555555555556,113.65041666666667,31.8885
Gem,113.98062499999999,26.89575,116.111875,24.398
Gem,113.98062499999999,26.89575,116.32895833333333,28.026194444444442
Gru,328.48216666666667,-37.36486111111111,331.5287083333334,-39.54336111111111
Gru,331.5287083333334,-39.54336111111111,333.90383333333335,-41.346694444444445
Gru,332.05829166666666,-46.960972222222225,337.317375,-43.495555555555555
Gru,332.05829166666666,-46.960972222222225,340.666875,-46.88458333333333
Gru,333.90383333333335,-41.346694444444445,337.317375,-43.495555555555555
Gru,337.317375,-43.495555555555555,340.666875,-46.88458333333333
Gru,340.666875,-46.88458333333333,342.13875,-51.316861111111116
Gru,342.13875,-51.316861111111116,345.22004166666665,-52.75413888888889
Her,238.16891666666666,42.451527777777784,242.19241666666665,44.934916666666666
Her,242.19241666666665,44.934916666666666,244.93516666666667,46.31336111111111
Her,244.93516666666667,46.31336111111111,248.52575,42.43702777777777
Her,245.4800416666667,19.153138888888886,246.35395833333337,14.033277777777778
Her,245.4800416666667,19.153138888888886,247.555,21.489611111111113
Her,246.35395833333337,14.033277777777778,248.15120833333333,11.488027777777777
Her,247.555,21.489611111111113,250.3215,31.602722222222223
Her,247.555,21.489611111111113,258.6619166666667,14.390333333333333
Her,248.52575,42.43702777777777,250.72404166666666,38.92225
Her,250.3215,31.602722222222223,250.72404166666666,38.92225
Her,250.3215,31.602722222222223,255.072375,30.926416666666668
Her,250.72404166666666,38.92225,258.7617916666667,36.80916666666666
Her,255.072375,30.926416666666668,258.75795833333336,24.839194444444445
Her,255.072375,30.926416666666668,258.7617916666667,36.80916666666666
Her,258.6619166666667,14.390333333333333,258.75795833333336,24.839194444444445
Her,258.75795833333336,24.839194444444445,266.6147083333333,27.720666666666666
Her,258.7617916666667,36.80916666666666,269.06325000000004,37.250527777777776
Her,264.8662083333333,46.00633333333333,269.06325000000004,37.250527777777776
Her,266.6147083333333,27.720666666666666,269.44120833333335,29.24788888888889
Her,269.44120833333335,29.24788888888889,271.885625,28.7625
Hor,39.35154166666667,-52.54308333333333,40.16504166666666,-54.54991666666667
Hor,39.35154166666667,-52.54308333333333,40.63945833333334,-50.80030555555555
Hor,40.16504166666666,-54.54991666666667,45.903416666666665,-59.73777777777778
Hor,40.63945833333334,-50.80030555555555,43.469874999999995,-49.88963888888889
Hor,43.469874999999995,-49.88963888888889,63.50045833333334,-42.29436111111111
Hor,44.69916666666667,-64.07127777777778,45.903416666666665,-59.73777777777778
Hor,62.71079166666667,-41.99358333333333,63.50045833333334,-42.29436111111111
Hya,129.41404166666666,5.703777777777778,129.6893333333333,3.3414444444444444
Hya,129.41404166666666,5.703777777777778,131.69379166666667,6.418805555555556
Hya,129.6893333333333,3.3414444444444444,130.80616666666668,3.3986666666666667
Hya,130.80616666666668,3.3986666666666667,132.10820833333335,5.837805555555556
Hya,131.69379166666667,6.418805555555556,132.10820833333335,5.837805555555556
Hya,131.69379166666667,6.418805555555556,133.84845833333333,5.945555555555556
Hya,133.84845833333333,5.945555555555556,138.59108333333333,2.3142777777777774
Hya,138.59108333333333,2.3142777777777774,144.964,-1.1428055555555556
Hya,141.89683333333332,-8.658611111111112,144.964,-1.1428055555555556
Hya,141.89683333333332,-8.658611111111112,147.86954166666666,-14.846611111111113
Hya,147.86954166666666,-14.846611111111113,152.647,-12.354083333333334
Hya,152.647,-12.354083333333334,156.522625,-16.836277777777777
Hya,156.522625,-16.836277777777777,162.40620833333332,-16.193638888888888
Hya,162.40620833333332,-16.193638888888888,173.2505,-31.85763888888889
Hya,173.2505,-31.85763888888889,178.22716666666668,-33.90811111111111
Hya,178.22716666666668,-33.90811111111111,199.73041666666668,-23.1715
Hya,199.73041666666668,-23.1715,211.59291666666667,-26.682361111111113
Hya,211.59291666666667,-26.682361111111113,222.572125,-27.960361111111112
Hyi,6.4377916666666675,-77.25425,29.692458333333335,-61.569861111111116
Hyi,6.4377916666666675,-77.25425,56.809749999999994,-74.23897222222222
Hyi,29.692458333333335,-61.569861111111116,56.809749999999994,-74.23897222222222
Ind,309.3917916666667,-47.2915,311.0097083333334,-51.92097222222222
Ind,309.3917916666667,-47.2915,319.966625,-53.449416666666664
Ind,311.0097083333334,-51.92097222222222,313.7025,-58.45416666666667
Ind,313.7025,-58.45416666666667,329.47945833333335,-54.992583333333336
Ind,319.966625,-53.449416666666664,329.47945833333335,-54.992583333333336
LMi,143.3765,36.48694444444445,151.85733333333334,35.24469444444445
LMi,151.85733333333334,35.24469444444445,156.47837499999997,33.79611111111111
LMi,151.85733333333334,35.24469444444445,156.9708333333333,36.70722222222223
LMi,156.47837499999997,33.79611111111111,163.32795833333333,34.21486111111111
LMi,156.9708333333333,36.70722222222223,163.32795833333333,34.21486111111111
Lac,333.4697083333333,39.71491666666667,333.99241666666666,37.74875
Lac,333.4697083333333,39.71491666666667,337.62191666666666,43.12338888888889
Lac,335.2564583333334,46.53658333333333,337.38258333333334,47.70688888888889
Lac,335.2564583333334,46.53658333333333,337.62191666666666,43.12338888888889
Lac,335.8900833333333,52.229055555555554,336.129125,49.47638888888889
Lac,335.8900833333333,52.229055555555554,337.82291666666663,50.2825
Lac,336.129125,49.47638888888889,337.38258333333334,47.70688888888889
Lac,337.38258333333334,47.70688888888889,337.82291666666663,50.2825
Lac,337.38258333333334,47.70688888888889,340.1285833333334,44.27630555555555
Lac,337.62191666666666,43.12338888888889,340.1285833333334,44.27630555555555
Leo,141.16358333333335,26.182333333333336,142.93012500000003,22.96797222222222
Leo,141.16358333333335,26.182333333333336,148.19091666666668,26.006944444444443
Leo,142.93012500000003,22.96797222222222,146.46279166666667,23.77425
Leo,146.46279166666667,23.77425,148.19091666666668,26.006944444444443
Leo,146.46279166666667,23.77425,151.833125,16.762666666666668
Leo,148.19091666666668,26.006944444444443,154.17258333333334,23.417305555555558
Leo,151.833125,16.762666666666668,152.09295833333334,11.967194444444445
Leo,151.833125,16.762666666666668,154.993125,19.8415
Leo,151.833125,16.762666666666668,168.56004166666665,15.429583333333333
Leo,154.17258333333334,23.417305555555558,154.993125,19.8415
Leo,154.993125,19.8415,168.52708333333334,20.523722222222222
Leo,168.52708333333334,20.523722222222222,168.56004166666665,15.429583333333333
Leo,168.52708333333334,20.523722222222222,177.26491666666666,14.572055555555556
Leo,168.56004166666665,15.429583333333333,170.98104166666667,10.5295
Leo,168.56004166666665,15.429583333333333,177.26491666666666,14.572055555555556
Leo,170.284125,6.029333333333334,170.98104166666667,10.5295
Lep,76.36525,-22.37102777777778,78.23291666666667,-16.205472222222223
Lep,76.36525,-22.37102777777778,82.06133333333334,-20.759444444444444
Lep,78.23291666666667,-16.205472222222223,78.30783333333333,-12.941305555555555
Lep,78.23291666666667,-16.205472222222223,79.89383333333333,-13.176777777777778
Lep,78.23291666666667,-16.205472222222223,83.18258333333334,-17.822277777777778
Lep,82.06133333333334,-20.759444444444444,83.18258333333334,-17.822277777777778
Lep,82.06133333333334,-20.759444444444444,86.11579166666667,-22.44838888888889
Lep,83.18258333333334,-17.822277777777778,86.73891666666667,-14.821944444444444
Lep,86.11579166666667,-22.44838888888889,87.83041666666666,-20.879083333333334
Lep,86.73891666666667,-14.821944444444444,89.10120833333333,-14.167694444444443
Lep,87.83041666666666,-20.879083333333334,91.53883333333333,-14.93525
Lep,89.10120833333333,-14.167694444444443,91.53883333333333,-14.93525
Lib,222.67158333333336,-15.99725,226.0175833333333,-25.281972222222223
Lib,222.67158333333336,-15.99725,229.25170833333334,-9.382916666666667
Lib,222.67158333333336,-15.99725,233.88158333333334,-14.789527777777778
Lib,229.25170833333334,-9.382916666666667,233.88158333333334,-14.789527777777778
Lib,233.88158333333334,-14.789527777777778,234.25604166666668,-28.135083333333334
Lib,234.25604166666668,-28.135083333333334,234.66404166666666,-29.777749999999997
Lup,220.48233333333334,-47.388194444444444,228.07120833333335,-52.099250000000005
Lup,224.63304166666666,-43.13397222222222,230.343,-40.647527777777775
Lup,228.07120833333335,-52.099250000000005,229.63308333333336,-47.87511111111111
Lup,228.07120833333335,-52.099250000000005,240.03054166666664,-38.39669444444444
Lup,229.63308333333336,-47.87511111111111,230.67029166666669,-44.689611111111105
Lup,230.343,-40.647527777777775,233.78520833333334,-41.16675
Lup,230.45154166666669,-36.26138888888889,237.73975000000002,-33.62716666666667
Lup,230.45154166666669,-36.26138888888889,240.03054166666664,-38.39669444444444
Lup,230.67029166666669,-44.689611111111105,233.78520833333334,-41.16675
Lup,233.78520833333334,-41.16675,240.03054166666664,-38.39669444444444
Lup,237.73975000000002,-33.62716666666667,240.03054166666664,-38.39669444444444
Lyn,94.90579166666666,59.01097222222222,104.31920833333334,58.42275
Lyn,104.31920833333334,58.42275,111.67854166666666,49.21152777777778
Lyn,111.67854166666666,49.21152777777778,125.70879166666668,43.188138888888886
Lyn,125.70879166666668,43.188138888888886,135.159875,41.782916666666665
Lyn,135.159875,41.782916666666665,136.632375,38.452222222222225
Lyn,136.632375,38.452222222222225,139.711,36.80258333333333
Lyn,139.711,36.80258333333333,140.26375,34.39255555555555
Lyr,279.23475,38.78369444444444,281.1931666666667,37.605111111111114
Lyr,281.1931666666667,37.605111111111114,282.5199583333333,33.36266666666667
Lyr,281.1931666666667,37.605111111111114,283.6261666666667,36.89861111111111
Lyr,282.5199583333333,33.36266666666667,284.73591666666664,32.68955555555555
Lyr,283.6261666666667,36.89861111111111,284.73591666666664,32.68955555555555
Men,73.79666666666667,-74.93686111111111,75.67916666666666,-71.31430555555555
Men,73.79666666666667,-74.93686111111111,82.97091666666667,-76.34097222222222
Men,82.97091666666667,-76.34097222222222,92.56029166666667,-74.75305555555556
Mic,312.1214166666667,-43.98855555555556,312.49199999999996,-33.77972222222222
Mic,312.1214166666667,-43.98855555555556,320.19016666666664,-40.80947222222222
Mic,312.49199999999996,-33.77972222222222,315.32275,-32.257777777777775
Mic,315.32275,-32.257777777777775,319.4845,-32.17252777777777
Mic,319.4845,-32.17252777777777,320.19016666666664,-40.80947222222222
Mon,93.713875,-6.274777777777778,97.20445833333333,-7.033055555555555
Mon,95.94204166666668,4.592861111111111,98.22595833333334,7.332972222222222
Mon,95.94204166666668,4.592861111111111,101.96520833333332,2.412166666666667
Mon,97.20445833333333,-7.033055555555555,107.96608333333333,-0.49277777777777776
Mon,98.22595833333334,7.332972222222222,100.24441666666667,9.89575
Mon,98.22595833333334,7.332972222222222,101.96520833333332,2.412166666666667
Mon,101.96520833333332,2.412166666666667,107.96608333333333,-0.49277777777777776
Mon,107.96608333333333,-0.49277777777777776,122.14854166666667,-2.9837777777777776
Mon,115.31179166666666,-9.55113888888889,122.14854166666667,-2.9837777777777776
Mus,176.40175,-66.72875,184.39283333333333,-67.96072222222223
Mus,184.39283333333333,-67.96072222222223,189.29591666666667,-69.13555555555556
Mus,188.11670833333332,-72.133,189.29591666666667,-69.13555555555556
Mus,188.11670833333332,-72.133,195.56775000000002,-71.54886111111111
Mus,189.29591666666667,-69.13555555555556,191.57004166666667,-68.1081111111111
Mus,191.57004166666667,-68.1081111111111,195.56775000000002,-71.54886111111111
Nor,240.80375000000004,-49.22969444444445,241.6226666666667,-45.17319444444444
Nor,240.80375000000004,-49.22969444444445,244.96008333333333,-50.155499999999996
Nor,241.6226666666667,-45.17319444444444,246.79599999999996,-47.55477777777777
Nor,244.96008333333333,-50.155499999999996,246.79599999999996,-47.55477777777777
Oct,216.730125,-83.6678888888889,325.36937500000005,-77.39005555555556
Oct,216.730125,-83.6678888888889,341.51462499999997,-81.3816111111111
Oct,325.36937500000005,-77.39005555555556,341.51462499999997,-81.3816111111111
Oph,243.5864166666667,-3.6943333333333337,244.580375,-4.6925
Oph,243.5864166666667,-3.6943333333333337,247.72841666666667,1.9839166666666668
Oph,244.580375,-4.6925,246.95079166666665,-8.371722222222223
Oph,245.15908333333334,-24.169333333333334,246.02575,-20.037333333333336
Oph,246.02575,-20.037333333333336,246.75595833333333,-18.45625
Oph,246.75595833333333,-18.45625,247.78487499999997,-16.612722222222224
Oph,246.95079166666665,-8.371722222222223,249.28975,-10.567083333333333
Oph,247.78487499999997,-16.612722222222224,249.28975,-10.567083333333333
Oph,247.72841666666667,1.9839166666666668,254.41708333333335,9.375027777777778
Oph,249.28975,-10.567083333333333,254.41708333333335,9.375027777777778
Oph,249.28975,-10.567083333333333,257.59454166666666,-15.724916666666667
Oph,254.41708333333335,9.375027777777778,263.73362499999996,12.560027777777778
Oph,257.59454166666666,-15.724916666666667,260.5024166666667,-24.999555555555556
Oph,257.59454166666666,-15.724916666666667,264.39666666666665,-15.398555555555555
Oph,257.59454166666666,-15.724916666666667,265.86812499999996,4.5673055555555555
Oph,260.5024166666667,-24.999555555555556,261.838625,-29.86702777777778
Oph,263.73362499999996,12.560027777777778,265.86812499999996,4.5673055555555555
Oph,264.39666666666665,-15.398555555555555,269.75662500000004,-9.77363888888889
Oph,265.86812499999996,4.5673055555555555,266.97316666666666,2.707277777777778
Oph,266.97316666666666,2.707277777777778,269.75662500000004,-9.77363888888889
Oph,269.75662500000004,-9.77363888888889,275.32750000000004,-2.898833333333333
Oph,275.32750000000004,-2.898833333333333,284.05491666666666,4.2035833333333334
Ori,72.46004166666667,6.961277777777778,72.65299999999999,8.900166666666667
Ori,72.46004166666667,6.961277777777778,72.8015,5.6051111111111105
Ori,72.46004166666667,6.961277777777778,81.28275,6.349694444444444
Ori,72.65299999999999,8.900166666666667,73.723875,10.150833333333333
Ori,72.8015,5.6051111111111105,73.56291666666668,2.440666666666667
Ori,73.56291666666668,2.440666666666667,74.63708333333334,1.7140277777777777
Ori,73.723875,10.150833333333333,74.09279166666667,13.514472222222222
Ori,74.09279166666667,13.514472222222222,76.14229166666667,15.404111111111112
Ori,76.14229166666667,15.404111111111112,77.42483333333334,15.597222222222223
Ori,78.63445833333334,-8.201638888888889,81.11925000000001,-2.3971388888888887
Ori,81.11925000000001,-2.3971388888888887,83.00166666666667,-0.2990833333333333
Ori,81.28275,6.349694444444444,83.00166666666667,-0.2990833333333333
Ori,81.28275,6.349694444444444,83.7845,9.934166666666666
Ori,81.28275,6.349694444444444,88.79295833333335,7.407055555555556
Ori,83.00166666666667,-0.2990833333333333,84.05337499999999,-1.2019166666666665
Ori,83.7845,9.934166666666666,88.79295833333335,7.407055555555556
Ori,84.05337499999999,-1.2019166666666665,85.18970833333334,-1.9425833333333333
Ori,85.18970833333334,-1.9425833333333333,86.939125,-9.669611111111111
Ori,85.18970833333334,-1.9425833333333333,88.79295833333335,7.407055555555556
Ori,88.59575,20.276166666666665,90.97991666666665,20.138444444444445
Ori,88.59575,20.276166666666665,91.893,14.768472222222224
Ori,88.79295833333335,7.407055555555556,90.59583333333333,9.647277777777777
Ori,90.59583333333333,9.647277777777777,92.985,14.208777777777778
Ori,90.97991666666665,20.138444444444445,92.985,14.208777777777778
Ori,91.893,14.768472222222224,92.985,14.208777777777778
Pav,266.43329166666666,-64.72386111111112,272.14504166666666,-63.66855555555556
Pav,272.14504166666666,-63.66855555555556,275.80675,-61.49388888888889
Pav,272.14504166666666,-63.66855555555556,284.237625,-67.2335
Pav,275.80675,-61.49388888888889,283.0542916666667,-62.18758333333333
Pav,280.75891666666666,-71.42811111111112,302.1817083333333,-66.18205555555556
Pav,283.0542916666667,-62.18758333333333,302.1817083333333,-66.18205555555556
Pav,284.237625,-67.2335,302.1817083333333,-66.18205555555556
Pav,300.148125,-72.9105,302.1817083333333,-66.18205555555556
Pav,302.1817083333333,-66.18205555555556,306.4119166666667,-56.735083333333336
Pav,302.1817083333333,-66.18205555555556,311.2395416666667,-66.20322222222222
Pav,306.4119166666667,-56.735083333333336,321.610875,-65.36619444444445
Pav,311.2395416666667,-66.20322222222222,321.610875,-65.36619444444445
Peg,2.0969166666666665,29.090444444444444,3.3089583333333334,15.183583333333333
Peg,2.0969166666666665,29.090444444444444,345.9435833333333,28.08277777777778
Peg,3.3089583333333334,15.183583333333333,346.1902083333333,15.205277777777777
Peg,326.04650000000004,9.875,332.5499583333334,6.197861111111111
Peg,326.1614166666667,25.645027777777777,331.75279166666667,25.34511111111111
Peg,331.75279166666667,25.34511111111111,341.63283333333334,23.56566666666667
Peg,332.5499583333334,6.197861111111111,340.3655,10.83136111111111
Peg,332.4968333333333,33.17822222222222,340.7505833333333,30.221249999999998
Peg,340.3655,10.83136111111111,346.1902083333333,15.205277777777777
Peg,340.7505833333333,30.221249999999998,345.9435833333333,28.08277777777778
Peg,341.63283333333334,23.56566666666667,342.50079166666666,24.601583333333334
Peg,342.50079166666666,24.601583333333334,345.9435833333333,28.08277777777778
Peg,345.9435833333333,28.08277777777778,346.1902083333333,15.205277777777777
Per,25.915166666666668,50.68872222222222,41.04995833333333,49.22844444444445
Per,41.04995833333333,49.22844444444445,47.26675,49.61327777777778
Per,42.67420833333333,55.8955,43.564416666666666,52.76247222222222
Per,42.67420833333333,55.8955,46.199125,53.50644444444445
Per,43.564416666666666,52.76247222222222,46.199125,53.50644444444445
Per,43.564416666666666,52.76247222222222,47.26675,49.61327777777778
Per,46.199125,53.50644444444445,51.080708333333334,49.86116666666667
Per,46.294125,38.84027777777778,47.042208333333335,40.95563888888889
Per,47.042208333333335,40.95563888888889,47.37404166666667,44.85755555555556
Per,47.042208333333335,40.95563888888889,59.463458333333335,40.010222222222225
Per,47.26675,49.61327777777778,47.37404166666667,44.85755555555556
Per,47.26675,49.61327777777778,51.080708333333334,49.86116666666667
Per,51.080708333333334,49.86116666666667,55.73125,47.78755555555556
Per,55.73125,47.78755555555556,59.463458333333335,40.010222222222225
Per,55.73125,47.78755555555556,62.165375000000004,47.712500000000006
Per,56.079708333333336,32.28825,58.533,31.88363888888889
Per,58.533,31.88363888888889,59.74125,35.79102777777778
Per,59.463458333333335,40.010222222222225,59.74125,35.79102777777778
Per,61.645999999999994,50.35125,64.56091666666667,50.2955
Per,62.165375000000004,47.712500000000006,63.72441666666666,48.40933333333333
Per,63.72441666666666,48.40933333333333,64.56091666666667,50.2955
Phe,2.352666666666667,-45.747416666666666,6.571041666666667,-42.305972222222216
Phe,2.352666666666667,-45.747416666666666,16.52104166666667,-46.71841666666667
Phe,6.571041666666667,-42.305972222222216,16.52104166666667,-46.71841666666667
Phe,16.52104166666667,-46.71841666666667,17.096166666666665,-55.24575
Phe,16.52104166666667,-46.71841666666667,22.091375,-43.318222222222225
Phe,17.096166666666665,-55.24575,22.812916666666666,-49.07269444444445
Phe,22.091375,-43.318222222222225,22.812916666666666,-49.07269444444445
Pic,86.82120833333333,-51.06652777777777,87.45691666666667,-56.166666666666664
Pic,87.45691666666667,-56.166666666666664,102.04770833333333,-61.94138888888889
PsA,326.23670833333335,-33.025777777777776,326.93395833333335,-30.898305555555556
PsA,326.23670833333335,-33.025777777777776,332.095875,-32.98847222222222
PsA,326.93395833333335,-30.898305555555556,332.095875,-32.98847222222222
PsA,332.095875,-32.98847222222222,337.876375,-32.34608333333333
PsA,332.095875,-32.98847222222222,340.1639166666667,-27.04361111111111
PsA,337.876375,-32.34608333333333,343.131375,-32.8755
PsA,340.1639166666667,-27.04361111111111,344.4127083333333,-29.622222222222224
PsA,343.131375,-32.8755,343.9870833333334,-32.53963888888889
PsA,343.9870833333334,-32.53963888888889,344.4127083333333,-29.622222222222224
Psc,12.170583333333335,7.585083333333333,15.735875000000002,7.890138888888888
Psc,12.170583333333335,7.585083333333333,359.827875,6.863333333333333
Psc,15.735875000000002,7.890138888888888,25.357875,5.487611111111111
Psc,17.915166666666668,30.08963888888889,18.43729166666667,24.58372222222222
Psc,17.915166666666668,30.08963888888889,19.866666666666667,27.264055555555554
Psc,18.43729166666667,24.58372222222222,19.866666666666667,27.264055555555554
Psc,18.43729166666667,24.58372222222222,22.870874999999998,15.345833333333333
Psc,22.870874999999998,15.345833333333333,26.348458333333333,9.157722222222223
Psc,25.357875,5.487611111111111,30.511749999999996,2.76375
Psc,26.348458333333333,9.157722222222223,30.511749999999996,2.76375
Psc,349.2914166666667,3.282277777777778,351.73316666666665,1.255611111111111
Psc,349.2914166666667,3.282277777777778,351.9920833333333,6.379
Psc,351.73316666666665,1.255611111111111,355.51170833333333,1.7800277777777778
Psc,351.9920833333333,6.379,354.98766666666666,5.626305555555556
Psc,354.98766666666666,5.626305555555556,355.51170833333333,1.7800277777777778
Psc,354.98766666666666,5.626305555555556,359.827875,6.863333333333333
Pup,95.98795833333334,-52.69566666666666,99.44029166666667,-43.19594444444444
Pup,99.44029166666667,-43.19594444444444,109.28566666666666,-37.09747222222222
Pup,109.28566666666666,-37.09747222222222,113.84537499999999,-28.369333333333334
Pup,113.84537499999999,-28.369333333333334,114.70779166666667,-26.803833333333333
Pup,113.84537499999999,-28.369333333333334,115.95195833333332,-28.954833333333333
Pup,114.70779166666667,-26.803833333333333,117.32358333333333,-24.85977777777778
Pup,115.95195833333332,-28.954833333333333,117.02154166666666,-25.937166666666666
Pup,117.02154166666666,-25.937166666666666,117.32358333333333,-24.85977777777778
Pup,117.32358333333333,-24.85977777777778,121.88604166666667,-24.304333333333336
Pup,120.89604166666669,-40.00313888888889,121.88604166666667,-24.304333333333336
Pup,120.89604166666669,-40.00313888888889,130.02558333333332,-35.30836111111111
Pyx,130.02558333333332,-35.30836111111111,130.89808333333335,-33.186388888888885
Pyx,130.89808333333335,-33.186388888888885,132.633,-27.709833333333332
Ret,56.04991666666667,-64.80691666666667,59.686458333333334,-61.400194444444445
Ret,56.04991666666667,-64.80691666666667,63.60616666666667,-62.47386111111111
Ret,59.686458333333334,-61.400194444444445,64.12095833333333,-59.302166666666665
Ret,63.60616666666667,-62.47386111111111,64.12095833333333,-59.302166666666665
Scl,14.6515,-29.357444444444447,357.2314583333333,-28.130277777777778
Scl,349.706,-32.53202777777778,353.24275000000006,-37.81827777777778
Scl,349.706,-32.53202777777778,357.2314583333333,-28.130277777777778
Sco,239.22116666666668,-29.21408333333333,239.71295833333335,-26.11411111111111
Sco,239.71295833333335,-26.11411111111111,240.08333333333334,-22.62172222222222
Sco,240.08333333333334,-22.62172222222222,241.35929166666665,-19.805444444444444
Sco,240.08333333333334,-22.62172222222222,245.2971666666667,-25.592805555555554
Sco,241.35929166666665,-19.805444444444444,242.998875,-19.46072222222222
Sco,245.2971666666667,-25.592805555555554,247.35191666666668,-26.432000000000002
Sco,247.35191666666668,-26.432000000000002,248.970625,-28.21602777777778
Sco,248.970625,-28.21602777777778,252.540875,-34.29322222222222
Sco,252.540875,-34.29322222222222,252.967625,-38.04738888888889
Sco,252.967625,-38.04738888888889,253.64587499999996,-42.36130555555556
Sco,253.64587499999996,-42.36130555555556,258.0382916666666,-43.23919444444444
Sco,258.0382916666666,-43.23919444444444,264.3297083333333,-42.99783333333333
Sco,262.691,-37.29580555555555,263.4021666666667,-37.103833333333334
Sco,262.691,-37.29580555555555,265.62195833333334,-39.02997222222222
Sco,263.4021666666667,-37.103833333333334,267.4645,-37.043305555555555
Sco,264.3297083333333,-42.99783333333333,266.89616666666666,-40.127
Sco,265.62195833333334,-39.02997222222222,266.89616666666666,-40.127
Sct,277.299375,-14.565805555555556,278.80179166666665,-8.244083333333332
Sct,277.299375,-14.565805555555556,280.5684583333333,-9.052555555555557
Sct,278.80179166666665,-8.244083333333332,281.793625,-4.747861111111111
Sct,280.5684583333333,-9.052555555555557,281.793625,-4.747861111111111
Ser,234.12324999999998,10.010166666666667,236.06695833333333,6.425638888888889
Ser,234.12324999999998,10.010166666666667,236.54691666666668,15.421833333333332
Ser,235.38770833333334,19.67038888888889,236.54691666666668,15.421833333333332
Ser,235.38770833333334,19.67038888888889,237.18491666666668,18.141555555555556
Ser,236.06695833333333,6.425638888888889,237.70404166666665,4.477722222222222
Ser,236.54691666666668,15.421833333333332,239.11325,15.661611111111112
Ser,237.18491666666668,18.141555555555556,239.11325,15.661611111111112
Ser,237.40504166666668,-3.430194444444444,237.70404166666665,4.477722222222222
Ser,237.40504166666668,-3.430194444444444,242.4605,-3.4667222222222223
Sex,148.1267916666667,-8.105027777777778,151.98450000000003,-0.37163888888888885
Sex,151.98450000000003,-0.37163888888888885,157.57283333333334,-0.6370277777777777
Sex,157.3695833333333,-2.7390833333333333,157.57283333333334,-0.6370277777777777
Sge,295.024125,18.01388888888889,296.8469166666667,18.53427777777778
Sge,295.26225,17.476027777777777,296.8469166666667,18.53427777777778
Sge,296.8469166666667,18.53427777777778,299.68929166666663,19.49213888888889
Sgr,271.4520416666666,-30.424083333333336,275.2485,-29.82811111111111
Sgr,271.4520416666666,-30.424083333333336,276.04299999999995,-34.38461111111111
Sgr,273.44087499999995,-21.058833333333332,276.99266666666665,-25.421694444444444
Sgr,274.40683333333334,-36.761694444444444,276.04299999999995,-34.38461111111111
Sgr,275.2485,-29.82811111111111,276.04299999999995,-34.38461111111111
Sgr,275.2485,-29.82811111111111,276.99266666666665,-25.421694444444444
Sgr,275.2485,-29.82811111111111,281.414125,-26.99077777777778
Sgr,276.04299999999995,-34.38461111111111,285.65295833333334,-29.880111111111113
Sgr,276.99266666666665,-25.421694444444444,281.414125,-26.99077777777778
Sgr,281.414125,-26.99077777777778,283.81637500000005,-26.296722222222225
Sgr,281.414125,-26.99077777777778,285.65295833333334,-29.880111111111113
Sgr,283.81637500000005,-26.296722222222225,286.7350416666667,-27.670416666666668
Sgr,284.43249999999995,-21.10666666666667,286.17075,-21.741500000000002
Sgr,284.43249999999995,-21.10666666666667,287.44095833333336,-21.02361111111111
Sgr,285.65295833333334,-29.880111111111113,286.7350416666667,-27.670416666666668
Sgr,286.17075,-21.741500000000002,287.44095833333336,-21.02361111111111
Sgr,287.44095833333336,-21.02361111111111,290.4181666666667,-17.847194444444444
Tau,51.203291666666665,9.028861111111112,51.79229166666667,9.732666666666667
Tau,51.203291666666665,9.028861111111112,54.21825,0.40166666666666667
Tau,51.79229166666667,9.732666666666667,60.17008333333334,12.490333333333332
Tau,51.79229166666667,9.732666666666667,60.78908333333332,5.989305555555555
Tau,60.17008333333334,12.490333333333332,64.94833333333332,15.627638888888889
Tau,64.94833333333332,15.627638888888889,65.73370833333333,17.542527777777778
Tau,64.94833333333332,15.627638888888889,68.98016666666666,16.509305555555557
Tau,65.73370833333333,17.542527777777778,67.15416666666667,19.180444444444447
Tau,67.15416666666667,19.180444444444447,81.57295833333333,28.607444444444447
Tau,68.98016666666666,16.509305555555557,84.41120833333333,21.142555555555553
Tel,272.80733333333336,-45.95441666666667,276.7434166666667,-45.968472222222225
Tel,276.7434166666667,-45.968472222222225,277.20775,-49.07058333333334
TrA,229.72741666666667,-68.67955555555557,234.18008333333333,-66.31702777777777
TrA,229.72741666666667,-68.67955555555557,252.16620833333334,-69.02772222222222
TrA,234.18008333333333,-66.31702777777777,238.78566666666666,-63.43072222222222
TrA,238.78566666666666,-63.43072222222222,252.16620833333334,-69.02772222222222
Tri,28.270458333333334,29.578833333333332,32.385958333333335,34.98730555555556
Tri,28.270458333333334,29.578833333333332,34.328624999999995,33.84719444444445
Tri,32.385958333333335,34.98730555555556,34.328624999999995,33.84719444444445
Tuc,5.0177499999999995,-64.87477777777777,7.886125000000002,-62.958222222222226
Tuc,5.0177499999999995,-64.87477777777777,359.97908333333334,-65.57713888888888
Tuc,7.886125000000002,-62.958222222222226,349.35737500000005,-58.23572222222222
Tuc,334.625375,-60.25958333333333,336.83320833333335,-64.96636111111111
Tuc,334.625375,-60.25958333333333,349.35737500000005,-58.23572222222222
Tuc,336.83320833333335,-64.96636111111111,359.97908333333334,-65.57713888888888
UMa,127.56612500000001,60.71816666666667,142.882125,63.06186111111111
UMa,127.56612500000001,60.71816666666667,147.74733333333333,59.03872222222222
UMa,134.80187499999997,48.04183333333333,135.906375,47.156527777777775
UMa,135.906375,47.156527777777775,143.21429166666667,51.677305555555556
UMa,142.882125,63.06186111111111,147.74733333333333,59.03872222222222
UMa,142.882125,63.06186111111111,165.93195833333334,61.75102777777778
UMa,143.21429166666667,51.677305555555556,147.74733333333333,59.03872222222222
UMa,147.74733333333333,59.03872222222222,165.46033333333332,56.382416666666664
UMa,154.274125,42.91436111111111,155.58225000000002,41.49952777777778
UMa,155.58225000000002,41.49952777777778,167.415875,44.4985
UMa,165.46033333333332,56.382416666666664,165.93195833333334,61.75102777777778
UMa,165.46033333333332,56.382416666666664,178.45770833333333,53.69475
UMa,165.93195833333334,61.75102777777778,183.85649999999998,57.03261111111111
UMa,167.415875,44.4985,176.51254166666666,47.77941666666666
UMa,169.61975,33.09430555555556,176.51254166666666,47.77941666666666
UMa,176.51254166666666,47.77941666666666,178.45770833333333,53.69475
UMa,178.45770833333333,53.69475,183.85649999999998,57.03261111111111
UMa,183.85649999999998,57.03261111111111,193.50729166666667,55.959833333333336
UMa,193.50729166666667,55.959833333333336,200.98141666666666,54.92536111111111
UMa,200.98141666666666,54.92536111111111,206.88516666666666,49.31327777777778
UMi,37.9545,89.2641111111111,263.05416666666673,86.58647222222221
UMi,222.676375,74.1555,230.1821666666667,71.83402777777778
UMi,222.676375,74.1555,236.01466666666664,77.7945
UMi,230.1821666666667,71.83402777777778,244.37620833333335,75.75533333333334
UMi,236.01466666666664,77.7945,244.37620833333335,75.75533333333334
UMi,236.01466666666664,77.7945,251.49266666666665,82.03725
UMi,251.49266666666665,82.03725,263.05416666666673,86.58647222222221
Vel,120.89604166666669,-40.00313888888889,122.37216666666666,-47.34527777777778
Vel,122.37216666666666,-47.34527777777778,129.41095833333335,-42.98908333333333
Vel,122.37216666666666,-47.34527777777778,131.1759583333333,-54.70883333333334
Vel,129.41095833333335,-42.98908333333333,131.09979166666665,-42.649277777777776
Vel,131.09979166666665,-42.649277777777776,136.99900000000002,-43.43258333333333
Vel,131.1759583333333,-54.70883333333334,140.52841666666666,-55.010666666666665
Vel,136.99900000000002,-43.43258333333333,142.675,-40.46677777777778
Vel,140.52841666666666,-55.010666666666665,149.21558333333334,-54.56777777777778
Vel,142.675,-40.46677777777778,153.684,-42.121944444444445
Vel,149.21558333333334,-54.56777777777778,161.69241666666667,-49.420249999999996
Vel,153.684,-42.121944444444445,161.69241666666667,-49.420249999999996
Vir,176.46483333333333,6.529388888888889,177.67383333333333,1.7647222222222223
Vir,176.46483333333333,6.529388888888889,181.30225000000002,8.732972222222223
Vir,177.67383333333333,1.7647222222222223,184.9765,-0.6668055555555555
Vir,181.30225000000002,8.732972222222223,184.9765,-0.6668055555555555
Vir,184.9765,-0.6668055555555555,190.41516666666666,-1.4493888888888888
Vir,190.41516666666666,-1.4493888888888888,193.90087499999998,3.397472222222222
Vir,190.41516666666666,-1.4493888888888888,197.48745833333334,-5.539
Vir,190.41516666666666,-1.4493888888888888,203.67329166666667,-0.5958333333333333
Vir,193.90087499999998,3.397472222222222,195.54416666666668,10.959138888888889
Vir,197.48745833333334,-5.539,201.29825,-11.161333333333333
Vir,203.67329166666667,-0.5958333333333333,210.41162500000002,1.5445277777777777
Vir,203.67329166666667,-0.5958333333333333,214.003625,-6.000555555555556
Vir,210.41162500000002,1.5445277777777777,221.56216666666668,1.8928888888888888
Vir,214.003625,-6.000555555555556,220.76508333333334,-5.658194444444445
Vol,107.18695833333334,-70.49894444444445,109.20758333333333,-67.95713888888889
Vol,107.18695833333334,-70.49894444444445,121.98245833333334,-68.61705555555555
Vol,109.20758333333333,-67.95713888888889,121.98245833333334,-68.61705555555555
Vol,121.98245833333334,-68.61705555555555,126.434125,-66.13688888888889
Vol,121.98245833333334,-68.61705555555555,135.61166666666668,-66.39608333333334
Vol,126.434125,-66.13688888888889,135.61166666666668,-66.39608333333334
Vul,292.17637499999995,24.664916666666667,298.36541666666665,24.07961111111111
